<?xml version='1.0' standalone='yes'?>
<extensions>
  <optionsURL>plugins/Reliable/settings/basic.html</optionsURL>
  <targetApplication>
    <maxVersion>8.1.*</maxVersion>
    <id>SlimServer</id>
    <minVersion>7.7</minVersion>
  </targetApplication>
  <creator>Philippe</creator>
  <version>0.18.2</version>
  <name>PLUGIN_RELIABLE</name>
  <description>PLUGIN_RELIABLE_DESC</description>
  <email>philippe_44@outlook.com</email>
  <defaultState>enabled</defaultState>
  <module>Plugins::Reliable::Plugin</module>
</extensions>
